"","site","year","sim","state"
"1","1","1","1",3
"2","2","1","1",3
"3","3","1","1",2
"4","4","1","1",2
"5","5","1","1",1
"6","1","2","1",3
"7","2","2","1",3
"8","3","2","1",3
"9","4","2","1",3
"10","5","2","1",3
"11","1","3","1",3
"12","2","3","1",3
"13","3","3","1",3
"14","4","3","1",3
"15","5","3","1",3
"16","1","4","1",3
"17","2","4","1",3
"18","3","4","1",3
"19","4","4","1",3
"20","5","4","1",3
"21","1","5","1",3
"22","2","5","1",3
"23","3","5","1",3
"24","4","5","1",3
"25","5","5","1",3
"26","1","6","1",3
"27","2","6","1",3
"28","3","6","1",3
"29","4","6","1",3
"30","5","6","1",3
"31","1","7","1",3
"32","2","7","1",3
"33","3","7","1",3
"34","4","7","1",3
"35","5","7","1",3
"36","1","8","1",3
"37","2","8","1",3
"38","3","8","1",3
"39","4","8","1",3
"40","5","8","1",3
"41","1","9","1",3
"42","2","9","1",3
"43","3","9","1",3
"44","4","9","1",3
"45","5","9","1",3
"46","1","10","1",3
"47","2","10","1",3
"48","3","10","1",3
"49","4","10","1",3
"50","5","10","1",3
"51","1","1","2",3
"52","2","1","2",3
"53","3","1","2",2
"54","4","1","2",2
"55","5","1","2",1
"56","1","2","2",3
"57","2","2","2",3
"58","3","2","2",2
"59","4","2","2",2
"60","5","2","2",3
"61","1","3","2",3
"62","2","3","2",3
"63","3","3","2",2
"64","4","3","2",2
"65","5","3","2",3
"66","1","4","2",3
"67","2","4","2",3
"68","3","4","2",3
"69","4","4","2",2
"70","5","4","2",3
"71","1","5","2",3
"72","2","5","2",3
"73","3","5","2",3
"74","4","5","2",2
"75","5","5","2",3
"76","1","6","2",3
"77","2","6","2",2
"78","3","6","2",3
"79","4","6","2",2
"80","5","6","2",3
"81","1","7","2",3
"82","2","7","2",2
"83","3","7","2",3
"84","4","7","2",3
"85","5","7","2",3
"86","1","8","2",3
"87","2","8","2",3
"88","3","8","2",3
"89","4","8","2",3
"90","5","8","2",3
"91","1","9","2",3
"92","2","9","2",3
"93","3","9","2",3
"94","4","9","2",3
"95","5","9","2",3
"96","1","10","2",3
"97","2","10","2",3
"98","3","10","2",3
"99","4","10","2",3
"100","5","10","2",3
"101","1","1","3",3
"102","2","1","3",3
"103","3","1","3",2
"104","4","1","3",2
"105","5","1","3",1
"106","1","2","3",3
"107","2","2","3",3
"108","3","2","3",2
"109","4","2","3",2
"110","5","2","3",2
"111","1","3","3",3
"112","2","3","3",3
"113","3","3","3",2
"114","4","3","3",2
"115","5","3","3",2
"116","1","4","3",3
"117","2","4","3",3
"118","3","4","3",2
"119","4","4","3",2
"120","5","4","3",2
"121","1","5","3",3
"122","2","5","3",3
"123","3","5","3",2
"124","4","5","3",2
"125","5","5","3",2
"126","1","6","3",3
"127","2","6","3",3
"128","3","6","3",2
"129","4","6","3",2
"130","5","6","3",2
"131","1","7","3",3
"132","2","7","3",3
"133","3","7","3",3
"134","4","7","3",2
"135","5","7","3",2
"136","1","8","3",3
"137","2","8","3",3
"138","3","8","3",3
"139","4","8","3",2
"140","5","8","3",3
"141","1","9","3",3
"142","2","9","3",3
"143","3","9","3",3
"144","4","9","3",2
"145","5","9","3",3
"146","1","10","3",3
"147","2","10","3",3
"148","3","10","3",3
"149","4","10","3",2
"150","5","10","3",3
"151","1","1","4",3
"152","2","1","4",3
"153","3","1","4",2
"154","4","1","4",2
"155","5","1","4",1
"156","1","2","4",3
"157","2","2","4",3
"158","3","2","4",2
"159","4","2","4",2
"160","5","2","4",1
"161","1","3","4",3
"162","2","3","4",2
"163","3","3","4",3
"164","4","3","4",2
"165","5","3","4",1
"166","1","4","4",3
"167","2","4","4",2
"168","3","4","4",3
"169","4","4","4",2
"170","5","4","4",1
"171","1","5","4",3
"172","2","5","4",2
"173","3","5","4",3
"174","4","5","4",2
"175","5","5","4",1
"176","1","6","4",2
"177","2","6","4",2
"178","3","6","4",3
"179","4","6","4",2
"180","5","6","4",2
"181","1","7","4",2
"182","2","7","4",2
"183","3","7","4",3
"184","4","7","4",2
"185","5","7","4",2
"186","1","8","4",2
"187","2","8","4",2
"188","3","8","4",3
"189","4","8","4",2
"190","5","8","4",2
"191","1","9","4",2
"192","2","9","4",3
"193","3","9","4",2
"194","4","9","4",2
"195","5","9","4",2
"196","1","10","4",3
"197","2","10","4",3
"198","3","10","4",2
"199","4","10","4",2
"200","5","10","4",2
"201","1","1","5",3
"202","2","1","5",3
"203","3","1","5",2
"204","4","1","5",2
"205","5","1","5",1
"206","1","2","5",3
"207","2","2","5",3
"208","3","2","5",2
"209","4","2","5",2
"210","5","2","5",1
"211","1","3","5",2
"212","2","3","5",3
"213","3","3","5",2
"214","4","3","5",2
"215","5","3","5",1
"216","1","4","5",2
"217","2","4","5",2
"218","3","4","5",2
"219","4","4","5",2
"220","5","4","5",2
"221","1","5","5",2
"222","2","5","5",2
"223","3","5","5",2
"224","4","5","5",2
"225","5","5","5",2
"226","1","6","5",2
"227","2","6","5",2
"228","3","6","5",2
"229","4","6","5",2
"230","5","6","5",2
"231","1","7","5",2
"232","2","7","5",2
"233","3","7","5",2
"234","4","7","5",3
"235","5","7","5",2
"236","1","8","5",2
"237","2","8","5",2
"238","3","8","5",2
"239","4","8","5",2
"240","5","8","5",2
"241","1","9","5",2
"242","2","9","5",2
"243","3","9","5",2
"244","4","9","5",3
"245","5","9","5",2
"246","1","10","5",2
"247","2","10","5",2
"248","3","10","5",2
"249","4","10","5",3
"250","5","10","5",2
"251","1","1","6",3
"252","2","1","6",3
"253","3","1","6",2
"254","4","1","6",2
"255","5","1","6",1
"256","1","2","6",3
"257","2","2","6",3
"258","3","2","6",2
"259","4","2","6",2
"260","5","2","6",1
"261","1","3","6",3
"262","2","3","6",3
"263","3","3","6",2
"264","4","3","6",2
"265","5","3","6",1
"266","1","4","6",3
"267","2","4","6",3
"268","3","4","6",2
"269","4","4","6",3
"270","5","4","6",1
"271","1","5","6",3
"272","2","5","6",2
"273","3","5","6",2
"274","4","5","6",3
"275","5","5","6",3
"276","1","6","6",3
"277","2","6","6",2
"278","3","6","6",2
"279","4","6","6",3
"280","5","6","6",3
"281","1","7","6",3
"282","2","7","6",2
"283","3","7","6",2
"284","4","7","6",3
"285","5","7","6",3
"286","1","8","6",3
"287","2","8","6",2
"288","3","8","6",2
"289","4","8","6",3
"290","5","8","6",3
"291","1","9","6",3
"292","2","9","6",2
"293","3","9","6",2
"294","4","9","6",2
"295","5","9","6",3
"296","1","10","6",3
"297","2","10","6",2
"298","3","10","6",2
"299","4","10","6",2
"300","5","10","6",3
"301","1","1","7",3
"302","2","1","7",3
"303","3","1","7",2
"304","4","1","7",2
"305","5","1","7",1
"306","1","2","7",3
"307","2","2","7",3
"308","3","2","7",2
"309","4","2","7",3
"310","5","2","7",2
"311","1","3","7",3
"312","2","3","7",3
"313","3","3","7",2
"314","4","3","7",3
"315","5","3","7",2
"316","1","4","7",3
"317","2","4","7",2
"318","3","4","7",2
"319","4","4","7",3
"320","5","4","7",2
"321","1","5","7",3
"322","2","5","7",2
"323","3","5","7",2
"324","4","5","7",3
"325","5","5","7",2
"326","1","6","7",3
"327","2","6","7",2
"328","3","6","7",2
"329","4","6","7",3
"330","5","6","7",2
"331","1","7","7",3
"332","2","7","7",2
"333","3","7","7",2
"334","4","7","7",3
"335","5","7","7",2
"336","1","8","7",3
"337","2","8","7",2
"338","3","8","7",2
"339","4","8","7",3
"340","5","8","7",2
"341","1","9","7",3
"342","2","9","7",2
"343","3","9","7",2
"344","4","9","7",3
"345","5","9","7",2
"346","1","10","7",3
"347","2","10","7",2
"348","3","10","7",2
"349","4","10","7",3
"350","5","10","7",2
"351","1","1","8",3
"352","2","1","8",3
"353","3","1","8",2
"354","4","1","8",2
"355","5","1","8",1
"356","1","2","8",3
"357","2","2","8",3
"358","3","2","8",2
"359","4","2","8",2
"360","5","2","8",3
"361","1","3","8",2
"362","2","3","8",3
"363","3","3","8",2
"364","4","3","8",2
"365","5","3","8",2
"366","1","4","8",2
"367","2","4","8",3
"368","3","4","8",2
"369","4","4","8",2
"370","5","4","8",2
"371","1","5","8",2
"372","2","5","8",3
"373","3","5","8",2
"374","4","5","8",2
"375","5","5","8",2
"376","1","6","8",2
"377","2","6","8",3
"378","3","6","8",2
"379","4","6","8",2
"380","5","6","8",2
"381","1","7","8",2
"382","2","7","8",3
"383","3","7","8",2
"384","4","7","8",2
"385","5","7","8",2
"386","1","8","8",2
"387","2","8","8",3
"388","3","8","8",2
"389","4","8","8",2
"390","5","8","8",2
"391","1","9","8",2
"392","2","9","8",3
"393","3","9","8",2
"394","4","9","8",2
"395","5","9","8",2
"396","1","10","8",2
"397","2","10","8",3
"398","3","10","8",2
"399","4","10","8",2
"400","5","10","8",2
"401","1","1","9",3
"402","2","1","9",3
"403","3","1","9",2
"404","4","1","9",2
"405","5","1","9",1
"406","1","2","9",3
"407","2","2","9",3
"408","3","2","9",2
"409","4","2","9",2
"410","5","2","9",3
"411","1","3","9",3
"412","2","3","9",3
"413","3","3","9",3
"414","4","3","9",2
"415","5","3","9",3
"416","1","4","9",3
"417","2","4","9",3
"418","3","4","9",3
"419","4","4","9",2
"420","5","4","9",2
"421","1","5","9",3
"422","2","5","9",3
"423","3","5","9",3
"424","4","5","9",2
"425","5","5","9",2
"426","1","6","9",3
"427","2","6","9",3
"428","3","6","9",3
"429","4","6","9",2
"430","5","6","9",2
"431","1","7","9",3
"432","2","7","9",3
"433","3","7","9",3
"434","4","7","9",2
"435","5","7","9",2
"436","1","8","9",3
"437","2","8","9",3
"438","3","8","9",3
"439","4","8","9",2
"440","5","8","9",2
"441","1","9","9",3
"442","2","9","9",3
"443","3","9","9",2
"444","4","9","9",2
"445","5","9","9",2
"446","1","10","9",3
"447","2","10","9",3
"448","3","10","9",2
"449","4","10","9",2
"450","5","10","9",2
"451","1","1","10",3
"452","2","1","10",3
"453","3","1","10",2
"454","4","1","10",2
"455","5","1","10",1
"456","1","2","10",3
"457","2","2","10",3
"458","3","2","10",2
"459","4","2","10",2
"460","5","2","10",2
"461","1","3","10",3
"462","2","3","10",3
"463","3","3","10",2
"464","4","3","10",2
"465","5","3","10",2
"466","1","4","10",3
"467","2","4","10",3
"468","3","4","10",2
"469","4","4","10",2
"470","5","4","10",2
"471","1","5","10",3
"472","2","5","10",3
"473","3","5","10",2
"474","4","5","10",2
"475","5","5","10",2
"476","1","6","10",3
"477","2","6","10",3
"478","3","6","10",2
"479","4","6","10",2
"480","5","6","10",2
"481","1","7","10",3
"482","2","7","10",2
"483","3","7","10",2
"484","4","7","10",2
"485","5","7","10",2
"486","1","8","10",3
"487","2","8","10",2
"488","3","8","10",2
"489","4","8","10",2
"490","5","8","10",2
"491","1","9","10",3
"492","2","9","10",2
"493","3","9","10",2
"494","4","9","10",2
"495","5","9","10",2
"496","1","10","10",3
"497","2","10","10",2
"498","3","10","10",2
"499","4","10","10",2
"500","5","10","10",2
"501","1","1","11",3
"502","2","1","11",3
"503","3","1","11",2
"504","4","1","11",2
"505","5","1","11",1
"506","1","2","11",3
"507","2","2","11",3
"508","3","2","11",2
"509","4","2","11",2
"510","5","2","11",2
"511","1","3","11",3
"512","2","3","11",3
"513","3","3","11",3
"514","4","3","11",2
"515","5","3","11",2
"516","1","4","11",2
"517","2","4","11",3
"518","3","4","11",3
"519","4","4","11",2
"520","5","4","11",2
"521","1","5","11",2
"522","2","5","11",3
"523","3","5","11",3
"524","4","5","11",3
"525","5","5","11",2
"526","1","6","11",2
"527","2","6","11",3
"528","3","6","11",3
"529","4","6","11",3
"530","5","6","11",2
"531","1","7","11",2
"532","2","7","11",3
"533","3","7","11",3
"534","4","7","11",3
"535","5","7","11",2
"536","1","8","11",2
"537","2","8","11",2
"538","3","8","11",3
"539","4","8","11",3
"540","5","8","11",2
"541","1","9","11",2
"542","2","9","11",2
"543","3","9","11",3
"544","4","9","11",3
"545","5","9","11",2
"546","1","10","11",2
"547","2","10","11",2
"548","3","10","11",3
"549","4","10","11",3
"550","5","10","11",2
"551","1","1","12",3
"552","2","1","12",3
"553","3","1","12",2
"554","4","1","12",2
"555","5","1","12",1
"556","1","2","12",3
"557","2","2","12",3
"558","3","2","12",2
"559","4","2","12",2
"560","5","2","12",1
"561","1","3","12",3
"562","2","3","12",3
"563","3","3","12",3
"564","4","3","12",2
"565","5","3","12",3
"566","1","4","12",3
"567","2","4","12",3
"568","3","4","12",3
"569","4","4","12",2
"570","5","4","12",3
"571","1","5","12",3
"572","2","5","12",3
"573","3","5","12",3
"574","4","5","12",2
"575","5","5","12",3
"576","1","6","12",3
"577","2","6","12",3
"578","3","6","12",3
"579","4","6","12",2
"580","5","6","12",3
"581","1","7","12",3
"582","2","7","12",3
"583","3","7","12",3
"584","4","7","12",2
"585","5","7","12",2
"586","1","8","12",3
"587","2","8","12",3
"588","3","8","12",3
"589","4","8","12",2
"590","5","8","12",2
"591","1","9","12",3
"592","2","9","12",3
"593","3","9","12",3
"594","4","9","12",3
"595","5","9","12",2
"596","1","10","12",3
"597","2","10","12",3
"598","3","10","12",3
"599","4","10","12",3
"600","5","10","12",2
"601","1","1","13",3
"602","2","1","13",3
"603","3","1","13",2
"604","4","1","13",2
"605","5","1","13",1
"606","1","2","13",3
"607","2","2","13",3
"608","3","2","13",2
"609","4","2","13",2
"610","5","2","13",1
"611","1","3","13",3
"612","2","3","13",3
"613","3","3","13",2
"614","4","3","13",2
"615","5","3","13",3
"616","1","4","13",3
"617","2","4","13",3
"618","3","4","13",2
"619","4","4","13",2
"620","5","4","13",3
"621","1","5","13",3
"622","2","5","13",3
"623","3","5","13",2
"624","4","5","13",2
"625","5","5","13",2
"626","1","6","13",3
"627","2","6","13",3
"628","3","6","13",3
"629","4","6","13",2
"630","5","6","13",2
"631","1","7","13",2
"632","2","7","13",3
"633","3","7","13",3
"634","4","7","13",2
"635","5","7","13",2
"636","1","8","13",2
"637","2","8","13",3
"638","3","8","13",3
"639","4","8","13",2
"640","5","8","13",2
"641","1","9","13",2
"642","2","9","13",3
"643","3","9","13",3
"644","4","9","13",2
"645","5","9","13",2
"646","1","10","13",2
"647","2","10","13",3
"648","3","10","13",3
"649","4","10","13",2
"650","5","10","13",2
"651","1","1","14",3
"652","2","1","14",3
"653","3","1","14",2
"654","4","1","14",2
"655","5","1","14",1
"656","1","2","14",3
"657","2","2","14",3
"658","3","2","14",2
"659","4","2","14",2
"660","5","2","14",1
"661","1","3","14",3
"662","2","3","14",3
"663","3","3","14",2
"664","4","3","14",2
"665","5","3","14",1
"666","1","4","14",3
"667","2","4","14",3
"668","3","4","14",3
"669","4","4","14",2
"670","5","4","14",2
"671","1","5","14",3
"672","2","5","14",2
"673","3","5","14",3
"674","4","5","14",2
"675","5","5","14",2
"676","1","6","14",3
"677","2","6","14",2
"678","3","6","14",3
"679","4","6","14",2
"680","5","6","14",2
"681","1","7","14",3
"682","2","7","14",2
"683","3","7","14",3
"684","4","7","14",2
"685","5","7","14",2
"686","1","8","14",3
"687","2","8","14",2
"688","3","8","14",3
"689","4","8","14",2
"690","5","8","14",2
"691","1","9","14",3
"692","2","9","14",2
"693","3","9","14",3
"694","4","9","14",3
"695","5","9","14",2
"696","1","10","14",3
"697","2","10","14",2
"698","3","10","14",2
"699","4","10","14",3
"700","5","10","14",2
"701","1","1","15",3
"702","2","1","15",3
"703","3","1","15",2
"704","4","1","15",2
"705","5","1","15",1
"706","1","2","15",3
"707","2","2","15",3
"708","3","2","15",2
"709","4","2","15",2
"710","5","2","15",1
"711","1","3","15",2
"712","2","3","15",3
"713","3","3","15",2
"714","4","3","15",3
"715","5","3","15",1
"716","1","4","15",2
"717","2","4","15",3
"718","3","4","15",2
"719","4","4","15",3
"720","5","4","15",1
"721","1","5","15",2
"722","2","5","15",3
"723","3","5","15",2
"724","4","5","15",3
"725","5","5","15",1
"726","1","6","15",2
"727","2","6","15",3
"728","3","6","15",2
"729","4","6","15",3
"730","5","6","15",3
"731","1","7","15",2
"732","2","7","15",2
"733","3","7","15",2
"734","4","7","15",3
"735","5","7","15",3
"736","1","8","15",2
"737","2","8","15",2
"738","3","8","15",2
"739","4","8","15",3
"740","5","8","15",3
"741","1","9","15",2
"742","2","9","15",3
"743","3","9","15",2
"744","4","9","15",3
"745","5","9","15",3
"746","1","10","15",2
"747","2","10","15",3
"748","3","10","15",2
"749","4","10","15",3
"750","5","10","15",3
"751","1","1","16",3
"752","2","1","16",3
"753","3","1","16",2
"754","4","1","16",2
"755","5","1","16",1
"756","1","2","16",3
"757","2","2","16",3
"758","3","2","16",2
"759","4","2","16",2
"760","5","2","16",1
"761","1","3","16",3
"762","2","3","16",3
"763","3","3","16",2
"764","4","3","16",2
"765","5","3","16",1
"766","1","4","16",3
"767","2","4","16",3
"768","3","4","16",2
"769","4","4","16",2
"770","5","4","16",2
"771","1","5","16",3
"772","2","5","16",2
"773","3","5","16",2
"774","4","5","16",2
"775","5","5","16",2
"776","1","6","16",3
"777","2","6","16",2
"778","3","6","16",2
"779","4","6","16",2
"780","5","6","16",2
"781","1","7","16",3
"782","2","7","16",2
"783","3","7","16",2
"784","4","7","16",2
"785","5","7","16",3
"786","1","8","16",3
"787","2","8","16",2
"788","3","8","16",2
"789","4","8","16",2
"790","5","8","16",3
"791","1","9","16",2
"792","2","9","16",2
"793","3","9","16",2
"794","4","9","16",2
"795","5","9","16",3
"796","1","10","16",2
"797","2","10","16",2
"798","3","10","16",2
"799","4","10","16",2
"800","5","10","16",3
"801","1","1","17",3
"802","2","1","17",3
"803","3","1","17",2
"804","4","1","17",2
"805","5","1","17",1
"806","1","2","17",3
"807","2","2","17",3
"808","3","2","17",2
"809","4","2","17",2
"810","5","2","17",2
"811","1","3","17",3
"812","2","3","17",3
"813","3","3","17",2
"814","4","3","17",2
"815","5","3","17",2
"816","1","4","17",2
"817","2","4","17",3
"818","3","4","17",2
"819","4","4","17",2
"820","5","4","17",2
"821","1","5","17",2
"822","2","5","17",3
"823","3","5","17",2
"824","4","5","17",3
"825","5","5","17",2
"826","1","6","17",2
"827","2","6","17",3
"828","3","6","17",2
"829","4","6","17",3
"830","5","6","17",2
"831","1","7","17",2
"832","2","7","17",3
"833","3","7","17",2
"834","4","7","17",3
"835","5","7","17",2
"836","1","8","17",2
"837","2","8","17",3
"838","3","8","17",2
"839","4","8","17",2
"840","5","8","17",2
"841","1","9","17",2
"842","2","9","17",2
"843","3","9","17",2
"844","4","9","17",2
"845","5","9","17",2
"846","1","10","17",2
"847","2","10","17",2
"848","3","10","17",2
"849","4","10","17",2
"850","5","10","17",2
"851","1","1","18",3
"852","2","1","18",3
"853","3","1","18",2
"854","4","1","18",2
"855","5","1","18",1
"856","1","2","18",3
"857","2","2","18",3
"858","3","2","18",2
"859","4","2","18",2
"860","5","2","18",3
"861","1","3","18",3
"862","2","3","18",3
"863","3","3","18",2
"864","4","3","18",2
"865","5","3","18",3
"866","1","4","18",3
"867","2","4","18",3
"868","3","4","18",2
"869","4","4","18",2
"870","5","4","18",2
"871","1","5","18",3
"872","2","5","18",3
"873","3","5","18",2
"874","4","5","18",2
"875","5","5","18",2
"876","1","6","18",3
"877","2","6","18",3
"878","3","6","18",2
"879","4","6","18",2
"880","5","6","18",2
"881","1","7","18",3
"882","2","7","18",3
"883","3","7","18",2
"884","4","7","18",2
"885","5","7","18",2
"886","1","8","18",3
"887","2","8","18",3
"888","3","8","18",2
"889","4","8","18",2
"890","5","8","18",2
"891","1","9","18",3
"892","2","9","18",2
"893","3","9","18",2
"894","4","9","18",2
"895","5","9","18",2
"896","1","10","18",3
"897","2","10","18",2
"898","3","10","18",3
"899","4","10","18",2
"900","5","10","18",2
"901","1","1","19",3
"902","2","1","19",3
"903","3","1","19",2
"904","4","1","19",2
"905","5","1","19",1
"906","1","2","19",3
"907","2","2","19",3
"908","3","2","19",2
"909","4","2","19",3
"910","5","2","19",1
"911","1","3","19",3
"912","2","3","19",3
"913","3","3","19",2
"914","4","3","19",3
"915","5","3","19",2
"916","1","4","19",3
"917","2","4","19",3
"918","3","4","19",2
"919","4","4","19",3
"920","5","4","19",2
"921","1","5","19",3
"922","2","5","19",3
"923","3","5","19",2
"924","4","5","19",3
"925","5","5","19",2
"926","1","6","19",3
"927","2","6","19",3
"928","3","6","19",2
"929","4","6","19",3
"930","5","6","19",2
"931","1","7","19",2
"932","2","7","19",3
"933","3","7","19",2
"934","4","7","19",3
"935","5","7","19",2
"936","1","8","19",2
"937","2","8","19",2
"938","3","8","19",2
"939","4","8","19",3
"940","5","8","19",3
"941","1","9","19",2
"942","2","9","19",3
"943","3","9","19",2
"944","4","9","19",3
"945","5","9","19",3
"946","1","10","19",2
"947","2","10","19",3
"948","3","10","19",2
"949","4","10","19",3
"950","5","10","19",3
"951","1","1","20",3
"952","2","1","20",3
"953","3","1","20",2
"954","4","1","20",2
"955","5","1","20",1
"956","1","2","20",3
"957","2","2","20",3
"958","3","2","20",2
"959","4","2","20",2
"960","5","2","20",3
"961","1","3","20",3
"962","2","3","20",3
"963","3","3","20",2
"964","4","3","20",2
"965","5","3","20",3
"966","1","4","20",2
"967","2","4","20",3
"968","3","4","20",2
"969","4","4","20",2
"970","5","4","20",3
"971","1","5","20",2
"972","2","5","20",3
"973","3","5","20",2
"974","4","5","20",2
"975","5","5","20",3
"976","1","6","20",3
"977","2","6","20",3
"978","3","6","20",2
"979","4","6","20",2
"980","5","6","20",3
"981","1","7","20",3
"982","2","7","20",3
"983","3","7","20",2
"984","4","7","20",2
"985","5","7","20",3
"986","1","8","20",3
"987","2","8","20",2
"988","3","8","20",2
"989","4","8","20",2
"990","5","8","20",3
"991","1","9","20",3
"992","2","9","20",2
"993","3","9","20",2
"994","4","9","20",2
"995","5","9","20",3
"996","1","10","20",2
"997","2","10","20",2
"998","3","10","20",2
"999","4","10","20",2
"1000","5","10","20",3
"1001","1","1","21",3
"1002","2","1","21",3
"1003","3","1","21",2
"1004","4","1","21",2
"1005","5","1","21",1
"1006","1","2","21",3
"1007","2","2","21",2
"1008","3","2","21",2
"1009","4","2","21",2
"1010","5","2","21",1
"1011","1","3","21",3
"1012","2","3","21",2
"1013","3","3","21",2
"1014","4","3","21",2
"1015","5","3","21",1
"1016","1","4","21",3
"1017","2","4","21",2
"1018","3","4","21",2
"1019","4","4","21",2
"1020","5","4","21",1
"1021","1","5","21",3
"1022","2","5","21",2
"1023","3","5","21",2
"1024","4","5","21",2
"1025","5","5","21",1
"1026","1","6","21",3
"1027","2","6","21",2
"1028","3","6","21",2
"1029","4","6","21",2
"1030","5","6","21",2
"1031","1","7","21",3
"1032","2","7","21",2
"1033","3","7","21",2
"1034","4","7","21",2
"1035","5","7","21",2
"1036","1","8","21",3
"1037","2","8","21",2
"1038","3","8","21",2
"1039","4","8","21",2
"1040","5","8","21",2
"1041","1","9","21",3
"1042","2","9","21",2
"1043","3","9","21",2
"1044","4","9","21",2
"1045","5","9","21",3
"1046","1","10","21",3
"1047","2","10","21",2
"1048","3","10","21",2
"1049","4","10","21",2
"1050","5","10","21",3
"1051","1","1","22",3
"1052","2","1","22",3
"1053","3","1","22",2
"1054","4","1","22",2
"1055","5","1","22",1
"1056","1","2","22",3
"1057","2","2","22",3
"1058","3","2","22",2
"1059","4","2","22",2
"1060","5","2","22",1
"1061","1","3","22",3
"1062","2","3","22",3
"1063","3","3","22",3
"1064","4","3","22",2
"1065","5","3","22",1
"1066","1","4","22",3
"1067","2","4","22",3
"1068","3","4","22",3
"1069","4","4","22",2
"1070","5","4","22",1
"1071","1","5","22",3
"1072","2","5","22",3
"1073","3","5","22",3
"1074","4","5","22",2
"1075","5","5","22",2
"1076","1","6","22",3
"1077","2","6","22",3
"1078","3","6","22",3
"1079","4","6","22",3
"1080","5","6","22",2
"1081","1","7","22",2
"1082","2","7","22",3
"1083","3","7","22",3
"1084","4","7","22",3
"1085","5","7","22",2
"1086","1","8","22",2
"1087","2","8","22",3
"1088","3","8","22",2
"1089","4","8","22",3
"1090","5","8","22",2
"1091","1","9","22",2
"1092","2","9","22",3
"1093","3","9","22",2
"1094","4","9","22",3
"1095","5","9","22",2
"1096","1","10","22",3
"1097","2","10","22",3
"1098","3","10","22",2
"1099","4","10","22",3
"1100","5","10","22",2
"1101","1","1","23",3
"1102","2","1","23",3
"1103","3","1","23",2
"1104","4","1","23",2
"1105","5","1","23",1
"1106","1","2","23",3
"1107","2","2","23",3
"1108","3","2","23",2
"1109","4","2","23",2
"1110","5","2","23",2
"1111","1","3","23",3
"1112","2","3","23",3
"1113","3","3","23",3
"1114","4","3","23",2
"1115","5","3","23",3
"1116","1","4","23",2
"1117","2","4","23",3
"1118","3","4","23",3
"1119","4","4","23",2
"1120","5","4","23",3
"1121","1","5","23",2
"1122","2","5","23",3
"1123","3","5","23",3
"1124","4","5","23",2
"1125","5","5","23",2
"1126","1","6","23",2
"1127","2","6","23",3
"1128","3","6","23",3
"1129","4","6","23",2
"1130","5","6","23",3
"1131","1","7","23",2
"1132","2","7","23",3
"1133","3","7","23",3
"1134","4","7","23",2
"1135","5","7","23",3
"1136","1","8","23",2
"1137","2","8","23",3
"1138","3","8","23",3
"1139","4","8","23",2
"1140","5","8","23",3
"1141","1","9","23",2
"1142","2","9","23",3
"1143","3","9","23",3
"1144","4","9","23",2
"1145","5","9","23",3
"1146","1","10","23",2
"1147","2","10","23",3
"1148","3","10","23",3
"1149","4","10","23",2
"1150","5","10","23",3
"1151","1","1","24",3
"1152","2","1","24",3
"1153","3","1","24",2
"1154","4","1","24",2
"1155","5","1","24",1
"1156","1","2","24",3
"1157","2","2","24",3
"1158","3","2","24",2
"1159","4","2","24",2
"1160","5","2","24",3
"1161","1","3","24",3
"1162","2","3","24",3
"1163","3","3","24",2
"1164","4","3","24",2
"1165","5","3","24",3
"1166","1","4","24",2
"1167","2","4","24",3
"1168","3","4","24",2
"1169","4","4","24",2
"1170","5","4","24",3
"1171","1","5","24",2
"1172","2","5","24",3
"1173","3","5","24",2
"1174","4","5","24",2
"1175","5","5","24",3
"1176","1","6","24",2
"1177","2","6","24",3
"1178","3","6","24",2
"1179","4","6","24",2
"1180","5","6","24",3
"1181","1","7","24",2
"1182","2","7","24",3
"1183","3","7","24",2
"1184","4","7","24",2
"1185","5","7","24",3
"1186","1","8","24",2
"1187","2","8","24",3
"1188","3","8","24",2
"1189","4","8","24",2
"1190","5","8","24",3
"1191","1","9","24",2
"1192","2","9","24",3
"1193","3","9","24",2
"1194","4","9","24",2
"1195","5","9","24",2
"1196","1","10","24",2
"1197","2","10","24",3
"1198","3","10","24",2
"1199","4","10","24",2
"1200","5","10","24",3
"1201","1","1","25",3
"1202","2","1","25",3
"1203","3","1","25",2
"1204","4","1","25",2
"1205","5","1","25",1
"1206","1","2","25",3
"1207","2","2","25",3
"1208","3","2","25",2
"1209","4","2","25",2
"1210","5","2","25",3
"1211","1","3","25",3
"1212","2","3","25",3
"1213","3","3","25",2
"1214","4","3","25",2
"1215","5","3","25",3
"1216","1","4","25",3
"1217","2","4","25",3
"1218","3","4","25",2
"1219","4","4","25",2
"1220","5","4","25",3
"1221","1","5","25",3
"1222","2","5","25",3
"1223","3","5","25",2
"1224","4","5","25",2
"1225","5","5","25",3
"1226","1","6","25",3
"1227","2","6","25",3
"1228","3","6","25",3
"1229","4","6","25",2
"1230","5","6","25",3
"1231","1","7","25",3
"1232","2","7","25",3
"1233","3","7","25",3
"1234","4","7","25",2
"1235","5","7","25",3
"1236","1","8","25",3
"1237","2","8","25",3
"1238","3","8","25",3
"1239","4","8","25",2
"1240","5","8","25",3
"1241","1","9","25",2
"1242","2","9","25",3
"1243","3","9","25",3
"1244","4","9","25",2
"1245","5","9","25",3
"1246","1","10","25",3
"1247","2","10","25",3
"1248","3","10","25",3
"1249","4","10","25",2
"1250","5","10","25",2
"1251","1","1","26",3
"1252","2","1","26",3
"1253","3","1","26",2
"1254","4","1","26",2
"1255","5","1","26",1
"1256","1","2","26",3
"1257","2","2","26",3
"1258","3","2","26",2
"1259","4","2","26",2
"1260","5","2","26",1
"1261","1","3","26",3
"1262","2","3","26",3
"1263","3","3","26",2
"1264","4","3","26",2
"1265","5","3","26",1
"1266","1","4","26",3
"1267","2","4","26",3
"1268","3","4","26",2
"1269","4","4","26",2
"1270","5","4","26",1
"1271","1","5","26",3
"1272","2","5","26",3
"1273","3","5","26",2
"1274","4","5","26",2
"1275","5","5","26",3
"1276","1","6","26",3
"1277","2","6","26",3
"1278","3","6","26",3
"1279","4","6","26",2
"1280","5","6","26",3
"1281","1","7","26",3
"1282","2","7","26",2
"1283","3","7","26",3
"1284","4","7","26",2
"1285","5","7","26",3
"1286","1","8","26",3
"1287","2","8","26",2
"1288","3","8","26",3
"1289","4","8","26",2
"1290","5","8","26",3
"1291","1","9","26",2
"1292","2","9","26",2
"1293","3","9","26",3
"1294","4","9","26",2
"1295","5","9","26",3
"1296","1","10","26",3
"1297","2","10","26",2
"1298","3","10","26",3
"1299","4","10","26",2
"1300","5","10","26",3
"1301","1","1","27",3
"1302","2","1","27",3
"1303","3","1","27",2
"1304","4","1","27",2
"1305","5","1","27",1
"1306","1","2","27",3
"1307","2","2","27",3
"1308","3","2","27",2
"1309","4","2","27",2
"1310","5","2","27",1
"1311","1","3","27",3
"1312","2","3","27",2
"1313","3","3","27",2
"1314","4","3","27",2
"1315","5","3","27",2
"1316","1","4","27",3
"1317","2","4","27",2
"1318","3","4","27",2
"1319","4","4","27",2
"1320","5","4","27",2
"1321","1","5","27",3
"1322","2","5","27",2
"1323","3","5","27",2
"1324","4","5","27",2
"1325","5","5","27",3
"1326","1","6","27",3
"1327","2","6","27",2
"1328","3","6","27",2
"1329","4","6","27",3
"1330","5","6","27",3
"1331","1","7","27",3
"1332","2","7","27",2
"1333","3","7","27",2
"1334","4","7","27",3
"1335","5","7","27",3
"1336","1","8","27",3
"1337","2","8","27",2
"1338","3","8","27",3
"1339","4","8","27",3
"1340","5","8","27",3
"1341","1","9","27",3
"1342","2","9","27",2
"1343","3","9","27",3
"1344","4","9","27",3
"1345","5","9","27",3
"1346","1","10","27",3
"1347","2","10","27",2
"1348","3","10","27",3
"1349","4","10","27",3
"1350","5","10","27",3
"1351","1","1","28",3
"1352","2","1","28",3
"1353","3","1","28",2
"1354","4","1","28",2
"1355","5","1","28",1
"1356","1","2","28",2
"1357","2","2","28",3
"1358","3","2","28",2
"1359","4","2","28",2
"1360","5","2","28",3
"1361","1","3","28",2
"1362","2","3","28",3
"1363","3","3","28",2
"1364","4","3","28",2
"1365","5","3","28",3
"1366","1","4","28",2
"1367","2","4","28",3
"1368","3","4","28",2
"1369","4","4","28",2
"1370","5","4","28",3
"1371","1","5","28",2
"1372","2","5","28",3
"1373","3","5","28",2
"1374","4","5","28",3
"1375","5","5","28",2
"1376","1","6","28",2
"1377","2","6","28",2
"1378","3","6","28",2
"1379","4","6","28",3
"1380","5","6","28",2
"1381","1","7","28",2
"1382","2","7","28",3
"1383","3","7","28",2
"1384","4","7","28",2
"1385","5","7","28",2
"1386","1","8","28",2
"1387","2","8","28",3
"1388","3","8","28",2
"1389","4","8","28",2
"1390","5","8","28",2
"1391","1","9","28",2
"1392","2","9","28",3
"1393","3","9","28",2
"1394","4","9","28",2
"1395","5","9","28",2
"1396","1","10","28",2
"1397","2","10","28",3
"1398","3","10","28",2
"1399","4","10","28",2
"1400","5","10","28",2
"1401","1","1","29",3
"1402","2","1","29",3
"1403","3","1","29",2
"1404","4","1","29",2
"1405","5","1","29",1
"1406","1","2","29",3
"1407","2","2","29",3
"1408","3","2","29",2
"1409","4","2","29",2
"1410","5","2","29",1
"1411","1","3","29",3
"1412","2","3","29",3
"1413","3","3","29",2
"1414","4","3","29",2
"1415","5","3","29",1
"1416","1","4","29",3
"1417","2","4","29",3
"1418","3","4","29",2
"1419","4","4","29",2
"1420","5","4","29",1
"1421","1","5","29",3
"1422","2","5","29",3
"1423","3","5","29",2
"1424","4","5","29",2
"1425","5","5","29",1
"1426","1","6","29",3
"1427","2","6","29",3
"1428","3","6","29",2
"1429","4","6","29",2
"1430","5","6","29",1
"1431","1","7","29",2
"1432","2","7","29",2
"1433","3","7","29",2
"1434","4","7","29",2
"1435","5","7","29",3
"1436","1","8","29",2
"1437","2","8","29",2
"1438","3","8","29",2
"1439","4","8","29",2
"1440","5","8","29",3
"1441","1","9","29",3
"1442","2","9","29",2
"1443","3","9","29",2
"1444","4","9","29",2
"1445","5","9","29",3
"1446","1","10","29",3
"1447","2","10","29",3
"1448","3","10","29",2
"1449","4","10","29",2
"1450","5","10","29",3
"1451","1","1","30",3
"1452","2","1","30",3
"1453","3","1","30",2
"1454","4","1","30",2
"1455","5","1","30",1
"1456","1","2","30",3
"1457","2","2","30",3
"1458","3","2","30",2
"1459","4","2","30",2
"1460","5","2","30",1
"1461","1","3","30",3
"1462","2","3","30",3
"1463","3","3","30",2
"1464","4","3","30",2
"1465","5","3","30",1
"1466","1","4","30",2
"1467","2","4","30",3
"1468","3","4","30",2
"1469","4","4","30",2
"1470","5","4","30",2
"1471","1","5","30",2
"1472","2","5","30",3
"1473","3","5","30",2
"1474","4","5","30",2
"1475","5","5","30",2
"1476","1","6","30",2
"1477","2","6","30",3
"1478","3","6","30",2
"1479","4","6","30",2
"1480","5","6","30",2
"1481","1","7","30",2
"1482","2","7","30",3
"1483","3","7","30",2
"1484","4","7","30",2
"1485","5","7","30",2
"1486","1","8","30",2
"1487","2","8","30",3
"1488","3","8","30",2
"1489","4","8","30",3
"1490","5","8","30",2
"1491","1","9","30",2
"1492","2","9","30",3
"1493","3","9","30",3
"1494","4","9","30",3
"1495","5","9","30",2
"1496","1","10","30",2
"1497","2","10","30",3
"1498","3","10","30",3
"1499","4","10","30",3
"1500","5","10","30",2
"1501","1","1","31",3
"1502","2","1","31",3
"1503","3","1","31",2
"1504","4","1","31",2
"1505","5","1","31",1
"1506","1","2","31",3
"1507","2","2","31",3
"1508","3","2","31",2
"1509","4","2","31",2
"1510","5","2","31",2
"1511","1","3","31",2
"1512","2","3","31",2
"1513","3","3","31",2
"1514","4","3","31",2
"1515","5","3","31",2
"1516","1","4","31",2
"1517","2","4","31",2
"1518","3","4","31",2
"1519","4","4","31",3
"1520","5","4","31",2
"1521","1","5","31",2
"1522","2","5","31",2
"1523","3","5","31",2
"1524","4","5","31",3
"1525","5","5","31",2
"1526","1","6","31",2
"1527","2","6","31",2
"1528","3","6","31",3
"1529","4","6","31",3
"1530","5","6","31",2
"1531","1","7","31",3
"1532","2","7","31",2
"1533","3","7","31",2
"1534","4","7","31",3
"1535","5","7","31",2
"1536","1","8","31",3
"1537","2","8","31",2
"1538","3","8","31",2
"1539","4","8","31",3
"1540","5","8","31",2
"1541","1","9","31",3
"1542","2","9","31",2
"1543","3","9","31",3
"1544","4","9","31",3
"1545","5","9","31",2
"1546","1","10","31",3
"1547","2","10","31",2
"1548","3","10","31",3
"1549","4","10","31",3
"1550","5","10","31",2
"1551","1","1","32",3
"1552","2","1","32",3
"1553","3","1","32",2
"1554","4","1","32",2
"1555","5","1","32",1
"1556","1","2","32",3
"1557","2","2","32",3
"1558","3","2","32",2
"1559","4","2","32",3
"1560","5","2","32",1
"1561","1","3","32",3
"1562","2","3","32",3
"1563","3","3","32",2
"1564","4","3","32",3
"1565","5","3","32",3
"1566","1","4","32",3
"1567","2","4","32",3
"1568","3","4","32",3
"1569","4","4","32",3
"1570","5","4","32",3
"1571","1","5","32",3
"1572","2","5","32",3
"1573","3","5","32",3
"1574","4","5","32",2
"1575","5","5","32",3
"1576","1","6","32",2
"1577","2","6","32",3
"1578","3","6","32",3
"1579","4","6","32",2
"1580","5","6","32",3
"1581","1","7","32",3
"1582","2","7","32",2
"1583","3","7","32",3
"1584","4","7","32",2
"1585","5","7","32",3
"1586","1","8","32",3
"1587","2","8","32",2
"1588","3","8","32",3
"1589","4","8","32",2
"1590","5","8","32",3
"1591","1","9","32",3
"1592","2","9","32",2
"1593","3","9","32",3
"1594","4","9","32",2
"1595","5","9","32",3
"1596","1","10","32",2
"1597","2","10","32",2
"1598","3","10","32",3
"1599","4","10","32",2
"1600","5","10","32",3
"1601","1","1","33",3
"1602","2","1","33",3
"1603","3","1","33",2
"1604","4","1","33",2
"1605","5","1","33",1
"1606","1","2","33",3
"1607","2","2","33",3
"1608","3","2","33",2
"1609","4","2","33",2
"1610","5","2","33",1
"1611","1","3","33",3
"1612","2","3","33",3
"1613","3","3","33",2
"1614","4","3","33",2
"1615","5","3","33",1
"1616","1","4","33",3
"1617","2","4","33",3
"1618","3","4","33",2
"1619","4","4","33",2
"1620","5","4","33",3
"1621","1","5","33",3
"1622","2","5","33",2
"1623","3","5","33",2
"1624","4","5","33",2
"1625","5","5","33",3
"1626","1","6","33",3
"1627","2","6","33",2
"1628","3","6","33",2
"1629","4","6","33",2
"1630","5","6","33",3
"1631","1","7","33",3
"1632","2","7","33",2
"1633","3","7","33",2
"1634","4","7","33",2
"1635","5","7","33",3
"1636","1","8","33",3
"1637","2","8","33",3
"1638","3","8","33",2
"1639","4","8","33",3
"1640","5","8","33",3
"1641","1","9","33",3
"1642","2","9","33",3
"1643","3","9","33",2
"1644","4","9","33",3
"1645","5","9","33",3
"1646","1","10","33",3
"1647","2","10","33",3
"1648","3","10","33",2
"1649","4","10","33",2
"1650","5","10","33",3
"1651","1","1","34",3
"1652","2","1","34",3
"1653","3","1","34",2
"1654","4","1","34",2
"1655","5","1","34",1
"1656","1","2","34",3
"1657","2","2","34",3
"1658","3","2","34",3
"1659","4","2","34",2
"1660","5","2","34",1
"1661","1","3","34",3
"1662","2","3","34",3
"1663","3","3","34",3
"1664","4","3","34",3
"1665","5","3","34",1
"1666","1","4","34",3
"1667","2","4","34",3
"1668","3","4","34",3
"1669","4","4","34",3
"1670","5","4","34",2
"1671","1","5","34",3
"1672","2","5","34",3
"1673","3","5","34",3
"1674","4","5","34",3
"1675","5","5","34",2
"1676","1","6","34",3
"1677","2","6","34",3
"1678","3","6","34",3
"1679","4","6","34",3
"1680","5","6","34",2
"1681","1","7","34",3
"1682","2","7","34",3
"1683","3","7","34",3
"1684","4","7","34",3
"1685","5","7","34",2
"1686","1","8","34",3
"1687","2","8","34",3
"1688","3","8","34",3
"1689","4","8","34",3
"1690","5","8","34",2
"1691","1","9","34",3
"1692","2","9","34",3
"1693","3","9","34",3
"1694","4","9","34",3
"1695","5","9","34",2
"1696","1","10","34",3
"1697","2","10","34",2
"1698","3","10","34",3
"1699","4","10","34",3
"1700","5","10","34",2
"1701","1","1","35",3
"1702","2","1","35",3
"1703","3","1","35",2
"1704","4","1","35",2
"1705","5","1","35",1
"1706","1","2","35",3
"1707","2","2","35",2
"1708","3","2","35",2
"1709","4","2","35",2
"1710","5","2","35",3
"1711","1","3","35",3
"1712","2","3","35",2
"1713","3","3","35",2
"1714","4","3","35",3
"1715","5","3","35",3
"1716","1","4","35",3
"1717","2","4","35",2
"1718","3","4","35",2
"1719","4","4","35",3
"1720","5","4","35",3
"1721","1","5","35",3
"1722","2","5","35",2
"1723","3","5","35",2
"1724","4","5","35",3
"1725","5","5","35",3
"1726","1","6","35",3
"1727","2","6","35",2
"1728","3","6","35",2
"1729","4","6","35",3
"1730","5","6","35",3
"1731","1","7","35",2
"1732","2","7","35",2
"1733","3","7","35",3
"1734","4","7","35",3
"1735","5","7","35",3
"1736","1","8","35",2
"1737","2","8","35",2
"1738","3","8","35",3
"1739","4","8","35",3
"1740","5","8","35",3
"1741","1","9","35",2
"1742","2","9","35",2
"1743","3","9","35",3
"1744","4","9","35",3
"1745","5","9","35",3
"1746","1","10","35",3
"1747","2","10","35",2
"1748","3","10","35",3
"1749","4","10","35",3
"1750","5","10","35",3
"1751","1","1","36",3
"1752","2","1","36",3
"1753","3","1","36",2
"1754","4","1","36",2
"1755","5","1","36",1
"1756","1","2","36",2
"1757","2","2","36",2
"1758","3","2","36",2
"1759","4","2","36",2
"1760","5","2","36",1
"1761","1","3","36",2
"1762","2","3","36",2
"1763","3","3","36",2
"1764","4","3","36",2
"1765","5","3","36",1
"1766","1","4","36",3
"1767","2","4","36",2
"1768","3","4","36",2
"1769","4","4","36",2
"1770","5","4","36",1
"1771","1","5","36",3
"1772","2","5","36",2
"1773","3","5","36",2
"1774","4","5","36",2
"1775","5","5","36",1
"1776","1","6","36",3
"1777","2","6","36",2
"1778","3","6","36",2
"1779","4","6","36",2
"1780","5","6","36",3
"1781","1","7","36",2
"1782","2","7","36",3
"1783","3","7","36",2
"1784","4","7","36",3
"1785","5","7","36",3
"1786","1","8","36",2
"1787","2","8","36",2
"1788","3","8","36",2
"1789","4","8","36",2
"1790","5","8","36",3
"1791","1","9","36",3
"1792","2","9","36",2
"1793","3","9","36",2
"1794","4","9","36",3
"1795","5","9","36",3
"1796","1","10","36",3
"1797","2","10","36",2
"1798","3","10","36",2
"1799","4","10","36",3
"1800","5","10","36",2
"1801","1","1","37",3
"1802","2","1","37",3
"1803","3","1","37",2
"1804","4","1","37",2
"1805","5","1","37",1
"1806","1","2","37",3
"1807","2","2","37",3
"1808","3","2","37",2
"1809","4","2","37",2
"1810","5","2","37",2
"1811","1","3","37",3
"1812","2","3","37",3
"1813","3","3","37",2
"1814","4","3","37",2
"1815","5","3","37",2
"1816","1","4","37",3
"1817","2","4","37",3
"1818","3","4","37",2
"1819","4","4","37",2
"1820","5","4","37",2
"1821","1","5","37",3
"1822","2","5","37",3
"1823","3","5","37",2
"1824","4","5","37",2
"1825","5","5","37",3
"1826","1","6","37",3
"1827","2","6","37",3
"1828","3","6","37",2
"1829","4","6","37",2
"1830","5","6","37",3
"1831","1","7","37",3
"1832","2","7","37",3
"1833","3","7","37",2
"1834","4","7","37",2
"1835","5","7","37",3
"1836","1","8","37",3
"1837","2","8","37",3
"1838","3","8","37",2
"1839","4","8","37",2
"1840","5","8","37",3
"1841","1","9","37",3
"1842","2","9","37",3
"1843","3","9","37",2
"1844","4","9","37",2
"1845","5","9","37",3
"1846","1","10","37",3
"1847","2","10","37",2
"1848","3","10","37",2
"1849","4","10","37",2
"1850","5","10","37",3
"1851","1","1","38",3
"1852","2","1","38",3
"1853","3","1","38",2
"1854","4","1","38",2
"1855","5","1","38",1
"1856","1","2","38",3
"1857","2","2","38",3
"1858","3","2","38",2
"1859","4","2","38",2
"1860","5","2","38",2
"1861","1","3","38",3
"1862","2","3","38",3
"1863","3","3","38",2
"1864","4","3","38",2
"1865","5","3","38",2
"1866","1","4","38",3
"1867","2","4","38",3
"1868","3","4","38",2
"1869","4","4","38",2
"1870","5","4","38",2
"1871","1","5","38",3
"1872","2","5","38",2
"1873","3","5","38",2
"1874","4","5","38",2
"1875","5","5","38",2
"1876","1","6","38",3
"1877","2","6","38",2
"1878","3","6","38",2
"1879","4","6","38",2
"1880","5","6","38",2
"1881","1","7","38",3
"1882","2","7","38",2
"1883","3","7","38",2
"1884","4","7","38",2
"1885","5","7","38",2
"1886","1","8","38",3
"1887","2","8","38",2
"1888","3","8","38",3
"1889","4","8","38",2
"1890","5","8","38",2
"1891","1","9","38",3
"1892","2","9","38",2
"1893","3","9","38",3
"1894","4","9","38",2
"1895","5","9","38",2
"1896","1","10","38",3
"1897","2","10","38",2
"1898","3","10","38",3
"1899","4","10","38",2
"1900","5","10","38",2
"1901","1","1","39",3
"1902","2","1","39",3
"1903","3","1","39",2
"1904","4","1","39",2
"1905","5","1","39",1
"1906","1","2","39",3
"1907","2","2","39",3
"1908","3","2","39",2
"1909","4","2","39",2
"1910","5","2","39",1
"1911","1","3","39",3
"1912","2","3","39",3
"1913","3","3","39",2
"1914","4","3","39",2
"1915","5","3","39",2
"1916","1","4","39",3
"1917","2","4","39",3
"1918","3","4","39",2
"1919","4","4","39",2
"1920","5","4","39",2
"1921","1","5","39",3
"1922","2","5","39",3
"1923","3","5","39",2
"1924","4","5","39",2
"1925","5","5","39",2
"1926","1","6","39",3
"1927","2","6","39",3
"1928","3","6","39",2
"1929","4","6","39",2
"1930","5","6","39",2
"1931","1","7","39",3
"1932","2","7","39",3
"1933","3","7","39",2
"1934","4","7","39",2
"1935","5","7","39",2
"1936","1","8","39",2
"1937","2","8","39",3
"1938","3","8","39",2
"1939","4","8","39",2
"1940","5","8","39",2
"1941","1","9","39",2
"1942","2","9","39",2
"1943","3","9","39",2
"1944","4","9","39",2
"1945","5","9","39",2
"1946","1","10","39",2
"1947","2","10","39",2
"1948","3","10","39",2
"1949","4","10","39",3
"1950","5","10","39",2
"1951","1","1","40",3
"1952","2","1","40",3
"1953","3","1","40",2
"1954","4","1","40",2
"1955","5","1","40",1
"1956","1","2","40",3
"1957","2","2","40",3
"1958","3","2","40",3
"1959","4","2","40",3
"1960","5","2","40",1
"1961","1","3","40",3
"1962","2","3","40",3
"1963","3","3","40",3
"1964","4","3","40",3
"1965","5","3","40",1
"1966","1","4","40",3
"1967","2","4","40",3
"1968","3","4","40",3
"1969","4","4","40",3
"1970","5","4","40",2
"1971","1","5","40",3
"1972","2","5","40",3
"1973","3","5","40",2
"1974","4","5","40",3
"1975","5","5","40",2
"1976","1","6","40",2
"1977","2","6","40",3
"1978","3","6","40",2
"1979","4","6","40",3
"1980","5","6","40",2
"1981","1","7","40",2
"1982","2","7","40",3
"1983","3","7","40",2
"1984","4","7","40",3
"1985","5","7","40",2
"1986","1","8","40",2
"1987","2","8","40",3
"1988","3","8","40",2
"1989","4","8","40",3
"1990","5","8","40",2
"1991","1","9","40",2
"1992","2","9","40",3
"1993","3","9","40",2
"1994","4","9","40",3
"1995","5","9","40",2
"1996","1","10","40",2
"1997","2","10","40",3
"1998","3","10","40",2
"1999","4","10","40",3
"2000","5","10","40",2
"2001","1","1","41",3
"2002","2","1","41",3
"2003","3","1","41",2
"2004","4","1","41",2
"2005","5","1","41",1
"2006","1","2","41",3
"2007","2","2","41",2
"2008","3","2","41",2
"2009","4","2","41",2
"2010","5","2","41",1
"2011","1","3","41",3
"2012","2","3","41",2
"2013","3","3","41",2
"2014","4","3","41",2
"2015","5","3","41",2
"2016","1","4","41",3
"2017","2","4","41",3
"2018","3","4","41",2
"2019","4","4","41",2
"2020","5","4","41",2
"2021","1","5","41",3
"2022","2","5","41",3
"2023","3","5","41",2
"2024","4","5","41",2
"2025","5","5","41",2
"2026","1","6","41",3
"2027","2","6","41",3
"2028","3","6","41",2
"2029","4","6","41",3
"2030","5","6","41",2
"2031","1","7","41",3
"2032","2","7","41",3
"2033","3","7","41",2
"2034","4","7","41",3
"2035","5","7","41",2
"2036","1","8","41",3
"2037","2","8","41",3
"2038","3","8","41",3
"2039","4","8","41",2
"2040","5","8","41",2
"2041","1","9","41",3
"2042","2","9","41",3
"2043","3","9","41",3
"2044","4","9","41",2
"2045","5","9","41",2
"2046","1","10","41",2
"2047","2","10","41",3
"2048","3","10","41",3
"2049","4","10","41",3
"2050","5","10","41",2
"2051","1","1","42",3
"2052","2","1","42",3
"2053","3","1","42",2
"2054","4","1","42",2
"2055","5","1","42",1
"2056","1","2","42",3
"2057","2","2","42",3
"2058","3","2","42",2
"2059","4","2","42",2
"2060","5","2","42",1
"2061","1","3","42",3
"2062","2","3","42",3
"2063","3","3","42",2
"2064","4","3","42",2
"2065","5","3","42",1
"2066","1","4","42",3
"2067","2","4","42",3
"2068","3","4","42",2
"2069","4","4","42",2
"2070","5","4","42",2
"2071","1","5","42",2
"2072","2","5","42",2
"2073","3","5","42",2
"2074","4","5","42",3
"2075","5","5","42",2
"2076","1","6","42",3
"2077","2","6","42",2
"2078","3","6","42",3
"2079","4","6","42",3
"2080","5","6","42",2
"2081","1","7","42",3
"2082","2","7","42",2
"2083","3","7","42",3
"2084","4","7","42",3
"2085","5","7","42",2
"2086","1","8","42",3
"2087","2","8","42",2
"2088","3","8","42",3
"2089","4","8","42",3
"2090","5","8","42",2
"2091","1","9","42",3
"2092","2","9","42",2
"2093","3","9","42",3
"2094","4","9","42",3
"2095","5","9","42",3
"2096","1","10","42",3
"2097","2","10","42",2
"2098","3","10","42",2
"2099","4","10","42",3
"2100","5","10","42",3
"2101","1","1","43",3
"2102","2","1","43",3
"2103","3","1","43",2
"2104","4","1","43",2
"2105","5","1","43",1
"2106","1","2","43",3
"2107","2","2","43",3
"2108","3","2","43",2
"2109","4","2","43",3
"2110","5","2","43",2
"2111","1","3","43",3
"2112","2","3","43",3
"2113","3","3","43",2
"2114","4","3","43",3
"2115","5","3","43",3
"2116","1","4","43",3
"2117","2","4","43",3
"2118","3","4","43",2
"2119","4","4","43",3
"2120","5","4","43",2
"2121","1","5","43",3
"2122","2","5","43",3
"2123","3","5","43",2
"2124","4","5","43",3
"2125","5","5","43",2
"2126","1","6","43",3
"2127","2","6","43",3
"2128","3","6","43",2
"2129","4","6","43",3
"2130","5","6","43",2
"2131","1","7","43",3
"2132","2","7","43",3
"2133","3","7","43",2
"2134","4","7","43",3
"2135","5","7","43",2
"2136","1","8","43",3
"2137","2","8","43",3
"2138","3","8","43",2
"2139","4","8","43",3
"2140","5","8","43",2
"2141","1","9","43",3
"2142","2","9","43",3
"2143","3","9","43",2
"2144","4","9","43",3
"2145","5","9","43",2
"2146","1","10","43",3
"2147","2","10","43",3
"2148","3","10","43",2
"2149","4","10","43",3
"2150","5","10","43",2
"2151","1","1","44",3
"2152","2","1","44",3
"2153","3","1","44",2
"2154","4","1","44",2
"2155","5","1","44",1
"2156","1","2","44",3
"2157","2","2","44",3
"2158","3","2","44",2
"2159","4","2","44",2
"2160","5","2","44",1
"2161","1","3","44",3
"2162","2","3","44",3
"2163","3","3","44",2
"2164","4","3","44",2
"2165","5","3","44",1
"2166","1","4","44",3
"2167","2","4","44",3
"2168","3","4","44",2
"2169","4","4","44",2
"2170","5","4","44",2
"2171","1","5","44",3
"2172","2","5","44",3
"2173","3","5","44",2
"2174","4","5","44",2
"2175","5","5","44",2
"2176","1","6","44",3
"2177","2","6","44",3
"2178","3","6","44",2
"2179","4","6","44",2
"2180","5","6","44",2
"2181","1","7","44",3
"2182","2","7","44",3
"2183","3","7","44",2
"2184","4","7","44",2
"2185","5","7","44",2
"2186","1","8","44",3
"2187","2","8","44",3
"2188","3","8","44",2
"2189","4","8","44",2
"2190","5","8","44",2
"2191","1","9","44",2
"2192","2","9","44",3
"2193","3","9","44",2
"2194","4","9","44",2
"2195","5","9","44",2
"2196","1","10","44",2
"2197","2","10","44",3
"2198","3","10","44",2
"2199","4","10","44",2
"2200","5","10","44",2
"2201","1","1","45",3
"2202","2","1","45",3
"2203","3","1","45",2
"2204","4","1","45",2
"2205","5","1","45",1
"2206","1","2","45",3
"2207","2","2","45",3
"2208","3","2","45",2
"2209","4","2","45",2
"2210","5","2","45",3
"2211","1","3","45",3
"2212","2","3","45",3
"2213","3","3","45",2
"2214","4","3","45",2
"2215","5","3","45",3
"2216","1","4","45",3
"2217","2","4","45",3
"2218","3","4","45",2
"2219","4","4","45",2
"2220","5","4","45",3
"2221","1","5","45",3
"2222","2","5","45",3
"2223","3","5","45",2
"2224","4","5","45",2
"2225","5","5","45",3
"2226","1","6","45",2
"2227","2","6","45",3
"2228","3","6","45",2
"2229","4","6","45",2
"2230","5","6","45",3
"2231","1","7","45",2
"2232","2","7","45",3
"2233","3","7","45",2
"2234","4","7","45",2
"2235","5","7","45",2
"2236","1","8","45",3
"2237","2","8","45",3
"2238","3","8","45",2
"2239","4","8","45",2
"2240","5","8","45",2
"2241","1","9","45",3
"2242","2","9","45",3
"2243","3","9","45",2
"2244","4","9","45",2
"2245","5","9","45",2
"2246","1","10","45",3
"2247","2","10","45",3
"2248","3","10","45",2
"2249","4","10","45",2
"2250","5","10","45",2
"2251","1","1","46",3
"2252","2","1","46",3
"2253","3","1","46",2
"2254","4","1","46",2
"2255","5","1","46",1
"2256","1","2","46",3
"2257","2","2","46",3
"2258","3","2","46",2
"2259","4","2","46",2
"2260","5","2","46",3
"2261","1","3","46",3
"2262","2","3","46",3
"2263","3","3","46",2
"2264","4","3","46",2
"2265","5","3","46",3
"2266","1","4","46",3
"2267","2","4","46",3
"2268","3","4","46",2
"2269","4","4","46",2
"2270","5","4","46",3
"2271","1","5","46",3
"2272","2","5","46",2
"2273","3","5","46",2
"2274","4","5","46",2
"2275","5","5","46",2
"2276","1","6","46",2
"2277","2","6","46",2
"2278","3","6","46",2
"2279","4","6","46",2
"2280","5","6","46",2
"2281","1","7","46",3
"2282","2","7","46",2
"2283","3","7","46",2
"2284","4","7","46",3
"2285","5","7","46",2
"2286","1","8","46",3
"2287","2","8","46",2
"2288","3","8","46",2
"2289","4","8","46",3
"2290","5","8","46",2
"2291","1","9","46",3
"2292","2","9","46",2
"2293","3","9","46",2
"2294","4","9","46",3
"2295","5","9","46",2
"2296","1","10","46",3
"2297","2","10","46",2
"2298","3","10","46",2
"2299","4","10","46",3
"2300","5","10","46",2
"2301","1","1","47",3
"2302","2","1","47",3
"2303","3","1","47",2
"2304","4","1","47",2
"2305","5","1","47",1
"2306","1","2","47",3
"2307","2","2","47",3
"2308","3","2","47",2
"2309","4","2","47",2
"2310","5","2","47",1
"2311","1","3","47",3
"2312","2","3","47",3
"2313","3","3","47",2
"2314","4","3","47",2
"2315","5","3","47",1
"2316","1","4","47",3
"2317","2","4","47",3
"2318","3","4","47",2
"2319","4","4","47",2
"2320","5","4","47",1
"2321","1","5","47",3
"2322","2","5","47",3
"2323","3","5","47",2
"2324","4","5","47",2
"2325","5","5","47",3
"2326","1","6","47",3
"2327","2","6","47",3
"2328","3","6","47",2
"2329","4","6","47",2
"2330","5","6","47",3
"2331","1","7","47",3
"2332","2","7","47",3
"2333","3","7","47",2
"2334","4","7","47",2
"2335","5","7","47",3
"2336","1","8","47",3
"2337","2","8","47",3
"2338","3","8","47",2
"2339","4","8","47",2
"2340","5","8","47",3
"2341","1","9","47",3
"2342","2","9","47",3
"2343","3","9","47",2
"2344","4","9","47",2
"2345","5","9","47",3
"2346","1","10","47",3
"2347","2","10","47",3
"2348","3","10","47",2
"2349","4","10","47",2
"2350","5","10","47",3
"2351","1","1","48",3
"2352","2","1","48",3
"2353","3","1","48",2
"2354","4","1","48",2
"2355","5","1","48",1
"2356","1","2","48",3
"2357","2","2","48",3
"2358","3","2","48",3
"2359","4","2","48",2
"2360","5","2","48",3
"2361","1","3","48",3
"2362","2","3","48",3
"2363","3","3","48",3
"2364","4","3","48",2
"2365","5","3","48",3
"2366","1","4","48",3
"2367","2","4","48",3
"2368","3","4","48",3
"2369","4","4","48",2
"2370","5","4","48",3
"2371","1","5","48",3
"2372","2","5","48",3
"2373","3","5","48",3
"2374","4","5","48",2
"2375","5","5","48",3
"2376","1","6","48",3
"2377","2","6","48",3
"2378","3","6","48",3
"2379","4","6","48",2
"2380","5","6","48",3
"2381","1","7","48",3
"2382","2","7","48",2
"2383","3","7","48",3
"2384","4","7","48",2
"2385","5","7","48",3
"2386","1","8","48",3
"2387","2","8","48",2
"2388","3","8","48",3
"2389","4","8","48",2
"2390","5","8","48",3
"2391","1","9","48",3
"2392","2","9","48",3
"2393","3","9","48",3
"2394","4","9","48",2
"2395","5","9","48",3
"2396","1","10","48",3
"2397","2","10","48",3
"2398","3","10","48",2
"2399","4","10","48",2
"2400","5","10","48",3
"2401","1","1","49",3
"2402","2","1","49",3
"2403","3","1","49",2
"2404","4","1","49",2
"2405","5","1","49",1
"2406","1","2","49",3
"2407","2","2","49",3
"2408","3","2","49",2
"2409","4","2","49",2
"2410","5","2","49",1
"2411","1","3","49",3
"2412","2","3","49",3
"2413","3","3","49",2
"2414","4","3","49",2
"2415","5","3","49",3
"2416","1","4","49",3
"2417","2","4","49",3
"2418","3","4","49",2
"2419","4","4","49",2
"2420","5","4","49",3
"2421","1","5","49",3
"2422","2","5","49",3
"2423","3","5","49",2
"2424","4","5","49",2
"2425","5","5","49",3
"2426","1","6","49",3
"2427","2","6","49",3
"2428","3","6","49",2
"2429","4","6","49",2
"2430","5","6","49",3
"2431","1","7","49",3
"2432","2","7","49",3
"2433","3","7","49",2
"2434","4","7","49",2
"2435","5","7","49",3
"2436","1","8","49",2
"2437","2","8","49",3
"2438","3","8","49",2
"2439","4","8","49",2
"2440","5","8","49",3
"2441","1","9","49",2
"2442","2","9","49",3
"2443","3","9","49",2
"2444","4","9","49",2
"2445","5","9","49",3
"2446","1","10","49",2
"2447","2","10","49",3
"2448","3","10","49",2
"2449","4","10","49",3
"2450","5","10","49",3
"2451","1","1","50",3
"2452","2","1","50",3
"2453","3","1","50",2
"2454","4","1","50",2
"2455","5","1","50",1
"2456","1","2","50",3
"2457","2","2","50",3
"2458","3","2","50",2
"2459","4","2","50",2
"2460","5","2","50",3
"2461","1","3","50",2
"2462","2","3","50",3
"2463","3","3","50",2
"2464","4","3","50",2
"2465","5","3","50",2
"2466","1","4","50",2
"2467","2","4","50",3
"2468","3","4","50",2
"2469","4","4","50",2
"2470","5","4","50",2
"2471","1","5","50",3
"2472","2","5","50",2
"2473","3","5","50",2
"2474","4","5","50",2
"2475","5","5","50",2
"2476","1","6","50",3
"2477","2","6","50",2
"2478","3","6","50",2
"2479","4","6","50",2
"2480","5","6","50",3
"2481","1","7","50",3
"2482","2","7","50",2
"2483","3","7","50",2
"2484","4","7","50",2
"2485","5","7","50",3
"2486","1","8","50",3
"2487","2","8","50",2
"2488","3","8","50",2
"2489","4","8","50",2
"2490","5","8","50",3
"2491","1","9","50",3
"2492","2","9","50",2
"2493","3","9","50",2
"2494","4","9","50",2
"2495","5","9","50",3
"2496","1","10","50",3
"2497","2","10","50",2
"2498","3","10","50",2
"2499","4","10","50",2
"2500","5","10","50",2
